{
  "Get files" : {
    "transaction" : "Get files",
    "sampleCount" : 1000,
    "errorCount" : 950,
    "errorPct" : 95.0,
    "meanResTime" : 57892.43999999994,
    "minResTime" : 10644.0,
    "maxResTime" : 61284.0,
    "pct1ResTime" : 60209.8,
    "pct2ResTime" : 60249.95,
    "pct3ResTime" : 60360.0,
    "throughput" : 12.845215157353886,
    "receivedKBytesPerSec" : 7.899079760757869,
    "sentKBytesPerSec" : 22.165522639691716
  },
  "Total" : {
    "transaction" : "Total",
    "sampleCount" : 8000,
    "errorCount" : 953,
    "errorPct" : 11.9125,
    "meanResTime" : 7931.70162499999,
    "minResTime" : 65.0,
    "maxResTime" : 61284.0,
    "pct1ResTime" : 60077.0,
    "pct2ResTime" : 60094.0,
    "pct3ResTime" : 60219.99,
    "throughput" : 97.51697404829528,
    "receivedKBytesPerSec" : 501.9162704404719,
    "sentKBytesPerSec" : 140.29968946938575
  },
  "Token generation" : {
    "transaction" : "Token generation",
    "sampleCount" : 1000,
    "errorCount" : 0,
    "errorPct" : 0.0,
    "meanResTime" : 357.957,
    "minResTime" : 79.0,
    "maxResTime" : 6282.0,
    "pct1ResTime" : 540.0,
    "pct2ResTime" : 676.0,
    "pct3ResTime" : 5886.530000000001,
    "throughput" : 70.55669230226486,
    "receivedKBytesPerSec" : 218.83599096874337,
    "sentKBytesPerSec" : 28.732559267621532
  },
  "Get Connection" : {
    "transaction" : "Get Connection",
    "sampleCount" : 1000,
    "errorCount" : 0,
    "errorPct" : 0.0,
    "meanResTime" : 142.13700000000003,
    "minResTime" : 65.0,
    "maxResTime" : 3696.0,
    "pct1ResTime" : 145.0,
    "pct2ResTime" : 192.89999999999986,
    "pct3ResTime" : 1487.740000000002,
    "throughput" : 15.17980478771043,
    "receivedKBytesPerSec" : 81.48768253715258,
    "sentKBytesPerSec" : 26.787018800188232
  },
  "Get Filtered Complex" : {
    "transaction" : "Get Filtered Complex",
    "sampleCount" : 1000,
    "errorCount" : 0,
    "errorPct" : 0.0,
    "meanResTime" : 188.99100000000013,
    "minResTime" : 81.0,
    "maxResTime" : 3557.0,
    "pct1ResTime" : 219.0,
    "pct2ResTime" : 381.59999999999945,
    "pct3ResTime" : 2351.4800000000005,
    "throughput" : 14.661681694890403,
    "receivedKBytesPerSec" : 11.397166630012462,
    "sentKBytesPerSec" : 24.942040539549886
  },
  "Get by SQL" : {
    "transaction" : "Get by SQL",
    "sampleCount" : 1000,
    "errorCount" : 0,
    "errorPct" : 0.0,
    "meanResTime" : 4065.656000000002,
    "minResTime" : 324.0,
    "maxResTime" : 6622.0,
    "pct1ResTime" : 5601.0,
    "pct2ResTime" : 5880.549999999999,
    "pct3ResTime" : 6295.99,
    "throughput" : 54.20347986340723,
    "receivedKBytesPerSec" : 451.8897535096753,
    "sentKBytesPerSec" : 120.10517168952245
  },
  "Notification" : {
    "transaction" : "Notification",
    "sampleCount" : 1000,
    "errorCount" : 3,
    "errorPct" : 0.3,
    "meanResTime" : 119.498,
    "minResTime" : 73.0,
    "maxResTime" : 1295.0,
    "pct1ResTime" : 170.89999999999998,
    "pct2ResTime" : 220.0,
    "pct3ResTime" : 330.4200000000005,
    "throughput" : 15.665878150799742,
    "receivedKBytesPerSec" : 8.020899015791205,
    "sentKBytesPerSec" : 23.7588952814375
  },
  "Get Identity" : {
    "transaction" : "Get Identity",
    "sampleCount" : 1000,
    "errorCount" : 0,
    "errorPct" : 0.0,
    "meanResTime" : 260.0740000000002,
    "minResTime" : 90.0,
    "maxResTime" : 1541.0,
    "pct1ResTime" : 515.9,
    "pct2ResTime" : 763.0999999999988,
    "pct3ResTime" : 1246.0,
    "throughput" : 65.98046978094483,
    "receivedKBytesPerSec" : 19.71682007125891,
    "sentKBytesPerSec" : 42.59090871602006
  },
  "Get Navigation" : {
    "transaction" : "Get Navigation",
    "sampleCount" : 1000,
    "errorCount" : 0,
    "errorPct" : 0.0,
    "meanResTime" : 426.85999999999973,
    "minResTime" : 109.0,
    "maxResTime" : 1449.0,
    "pct1ResTime" : 1038.2999999999997,
    "pct2ResTime" : 1227.0,
    "pct3ResTime" : 1360.7900000000002,
    "throughput" : 15.697108592597244,
    "receivedKBytesPerSec" : 347.94134260313,
    "sentKBytesPerSec" : 24.066855947634444
  }
}